cycle,dir,entry_time,exit_time,entry,exit,stop,target,qty,gross_pnl,fees,net_pnl,return_pct,result,r,balance_after
1789753500000,long,1789776899999,1789780499999,80976.01,81677.71,80720.41,81677.71,0.001233699955086697,0.8656872584843497,0.2006658870586842,0.6650213714256654,0.6650213714256654,target,2.745305164319388,100.66502137142567
1789780500000,short,1789809299999,1789829099999,81435.11,81615.62,81615.62,80602.67,0.0012349029419191694,-0.22291233004582278,0.20135182615906816,-0.42426415620489094,-0.42146134816727976,stop,-1.0,100.24075721522078
1789872300000,short,1789913699999,1789917299999,80592.01,80843.28,80843.28,79794.39,0.0012425625890038253,-0.31221870173899624,0.20059345189898337,-0.5128121536379796,-0.5115804867045768,stop,-1.0,99.7279450615828
1790039700000,long,1790062199999,1790067599999,85322.71,86211.88,85095.1,86211.88,0.0011676647019865868,1.0382524230654113,0.20029488591274136,0.83795753715267,0.8402434609830018,target,3.906550678792654,100.56590259873548
1790066700000,short,1790086499999,1790091899999,86350.01,86573.54,86573.54,85349.27,0.0011634675799293355,-0.260069908141603,0.20119094423128944,-0.46126085237289244,-0.45866525378224204,stop,-1.0,100.10464174636259
1790089200000,short,1790126999999,1790135099999,86632.68,86974.87,86974.87,85577.3,0.0011543523426639157,-0.39500782813616797,0.20040428204664285,-0.5954121101828108,-0.5947897118411551,stop,-1.0,99.50922963617978
1790180100000,short,1790202599999,1790243099999,84484.01,83213.9,84824.69,83213.9,0.0011766702340047948,1.4945006309118307,0.19732513900181503,1.2971754919100158,1.3035730420712512,target,3.7281613244099225,100.80640512808979
1790273700000,short,1790298899999,1790334899999,84700.03,84933.2,84933.2,83524.39,0.00118896887555602,-0.2772318727133951,0.20168863073003568,-0.4789205034434308,-0.47508935849353007,stop,-1.0,100.32748462464636
1790345700000,short,1790369999999,1790412299999,83886.0,84335.54,84335.54,82948.75,0.0011948031538907458,-0.5371118098000383,0.20099162654435823,-0.7381034363443965,-0.7356941511150721,stop,-1.0,99.58938118830196
1790403300000,short,1790462699999,1790467199999,84275.11,84457.79,84457.79,83546.7,0.001180537068382408,-0.21566051165209005,0.199195443105662,-0.41485595475775205,-0.41656645498514466,stop,-1.0,99.1745252335442
1790460900000,short,1790487899999,1790495999999,84548.0,84691.08,84691.08,84058.6,0.0011718248779836358,-0.16766470354190066,0.1983185642710628,-0.3659832678129635,-0.3690295133262463,stop,-1.0,98.80854196573124
1790662500000,short,1790683199999,1790694899999,84358.01,83390.6,84581.61,83390.6,0.0011701299275978375,1.1319953932574112,0.1962876688739379,0.9357077243834732,0.9469907214175826,target,4.326520572450643,99.74424969011471
1790694900000,short,1790725499999,1790765999999,83660.0,83948.51,83948.51,82425.5,0.00119106628119806,-0.3436345327884461,0.19963284470284787,-0.543267377491294,-0.5446603480191753,stop,-1.0,99.20098231262342
1790790300000,long,1790813699999,1790830799999,83509.05,84038.42,83329.46,84038.42,0.0011867202468737368,0.6282140970875445,0.19883197496147004,0.42938212212607446,0.4328405950385787,target,2.9476585555988954,99.6303644347495
1790881200000,short,1790900999999,1790907299999,84802.02,85083.0,85083.0,84260.78,0.001173684702335491,-0.3297819276622215,0.19939144912995893,-0.5291733767921803,-0.5311366467386052,stop,-1.0,99.10119105795731
1791027900000,short,1791053099999,1791062099999,84942.01,84599.34,85055.52,84599.34,0.0011655267972713176,0.3993910676209604,0.19760498667055548,0.2017860809504049,0.20361620157763233,target,3.018852964496257,99.3029771389077
1791279900000,short,1791300599999,1791305099999,86272.11,85617.35,86773.86,85617.35,0.001149893903899443,0.7529045325171934,0.19765464219856715,0.5552498903186261,0.5591472746501119,target,1.304952665670144,99.85822702922633
1791302400000,long,1791330299999,1791337499999,85575.35,85238.36,85238.36,86047.63,0.0011657383646186158,-0.39284217149283346,0.19912409494983851,-0.5919662664426719,-0.592806706120885,stop,-1.0,99.26626076278366
1791340200000,long,1791361799999,1791365399999,84052.73,83866.29,83866.29,84585.26,0.0011798200209453583,-0.21996564470505536,0.19811422169352405,-0.4180798663985794,-0.4211701570966432,stop,-1.0,98.84818089638507
