entry_time,exit_time,entry_price_quote,exit_price_quote,entry_price_inr,exit_price_inr,qty,entry_total_inr,exit_proceeds_inr,net_pnl_inr,return_pct,entry_ob_open_time,exit_ob_open_time
1789860599999,1789901999999,81306.0,80319.58,7794236.993637085,7699675.814200592,0.01282999222138564,100000.0,98786.78080338475,-1213.219196615246,-1.213219196615246,1789855200000,1789896600000
1789922699999,1790039699999,81376.01,85786.21,7800948.362194442,8218533.200265885,0.012663432215771722,98786.78080338475,104074.83809463648,5288.057291251724,5.353000926081942,1789917300000,1790034300000
1790192699999,1790208899999,84448.0,84358.0,8084207.323486328,8075591.623184204,0.01287384575013027,104074.83809463648,103963.92089791757,-110.91719671890314,-0.10657446002274329,1790187300000,1790203500000
1790258399999,1790271899999,84258.43,84172.01,8084175.040636367,8075883.47376274,0.012860176873376282,103963.92089791757,103857.2898813653,-106.63101655227365,-0.10256540502832218,1790253000000,1790266500000
1790387999999,1790738999999,84076.66,83321.39,8054712.345532227,7996562.406907043,0.012893978757537216,103857.2898813653,103107.50580798008,-749.7840733852208,-0.7219368753427791,1790382600000,1790733600000
1790763299999,1790839799999,83706.53,83364.29,8021596.923171234,8028397.973890762,0.012853738076784076,103107.50580798008,103194.9247325758,87.41892459572409,0.08478424912976436,1790757900000,1790834400000
1790846999999,1790861399999,83761.88,83476.04,8066687.878962098,8039160.057674865,0.012792725624318243,103194.9247325758,102842.76886781296,-352.1558647628408,-0.34125308553248535,1790841600000,1790856000000
1791026999999,1791077399999,84651.22,84747.5,8151912.744335022,8161184.508628845,0.012615783815802138,102842.76886781296,102959.73944173491,116.97057392194984,0.11373728577095758,1791021600000,1791072000000
1791148499999,1791172799999,86028.03,86085.03,8284499.551536713,8288008.470089492,0.012427997466984793,102959.73944173491,103003.34827262071,43.60883088580158,0.042355226540253525,1791143100000,1791167400000
1791226799999,1791363599999,85649.14,83952.42,8248012.443380432,8123655.870059509,0.012488262957858123,103003.34827262071,101450.35068445087,-1552.9975881698483,-1.5077156366407656,1791221400000,1791358200000
