close_time,utc,price_quote,price_inr,cash_inr,equity_inr,unrealized_pnl_inr,position,note
1789825499999,2026-09-19T13:44:59.999000+00:00,81263.09,7790123.512351608,100000.0,100000.0,0.0,,initialized_no_historical_replay
1789837199999,2026-09-19T16:59:59.999000+00:00,81839.49,7845378.944953538,100000.0,100000.0,0.0,,
1789838099999,2026-09-19T17:14:59.999000+00:00,81716.0,7833540.82321167,100000.0,100000.0,0.0,,
1789845299999,2026-09-19T19:14:59.999000+00:00,81380.86,7801413.297739411,100000.0,100000.0,0.0,,
1789853399999,2026-09-19T21:29:59.999000+00:00,81060.0,7770654.695892334,100000.0,100000.0,0.0,,
1789860599999,2026-09-19T23:29:59.999000+00:00,81306.0,7794236.993637085,0.0,100000.0,0.0,LONG,
1789867799999,2026-09-20T01:29:59.999000+00:00,81122.0,7776598.201828003,0.0,99773.69443829484,-226.30556170515774,LONG,
1789887599999,2026-09-20T06:59:59.999000+00:00,80309.44,7698703.763391114,0.0,98774.30939906035,-1225.690600939648,LONG,
1789906499999,2026-09-20T12:14:59.999000+00:00,80488.01,7715822.019115829,98786.78080338475,98786.78080338475,0.0,,
1789920899999,2026-09-20T16:14:59.999000+00:00,81160.08,7780248.664828491,98786.78080338475,98786.78080338475,0.0,,
1789929899999,2026-09-20T18:44:59.999000+00:00,81218.05,7785805.842878342,0.0,98595.0245364493,-191.756266935452,LONG,
1789938899999,2026-09-20T21:14:59.999000+00:00,80769.55,7742811.287843704,0.0,98050.5659031209,-736.2149002638471,LONG,
1789946099999,2026-09-20T23:14:59.999000+00:00,81157.52,7780003.255551148,0.0,98521.54386515528,-265.236938229471,LONG,
1789953299999,2026-09-21T01:14:59.999000+00:00,81794.0,7841018.137130737,0.0,99294.20168219175,507.42087880699546,LONG,
1789973999999,2026-09-21T06:59:59.999000+00:00,81639.9,7824367.717025756,0.0,99083.3502158282,296.56941244345217,LONG,
1789998299999,2026-09-21T13:44:59.999000+00:00,85080.58,8151144.992864532,0.0,103221.47209806708,4434.691294682329,LONG,
1790017199999,2026-09-21T18:59:59.999000+00:00,86051.75,8244187.93501091,0.0,104399.7150890937,5612.9342857089505,LONG,
1790029799999,2026-09-21T22:29:59.999000+00:00,86418.95,8279367.53112297,0.0,104845.20951983701,6058.428716452254,LONG,
1790038799999,2026-09-22T00:59:59.999000+00:00,85890.71,8228759.4977617655,0.0,104204.33811979387,5417.557316409118,LONG,
1790057699999,2026-09-22T06:14:59.999000+00:00,85349.01,8176648.348199843,104074.83809463648,104074.83809463648,0.0,,
1790077499999,2026-09-22T11:44:59.999000+00:00,86106.18,8230028.842065124,104074.83809463648,104074.83809463648,0.0,,
1790095499999,2026-09-22T16:44:59.999000+00:00,86232.0,8242054.717895508,104074.83809463648,104074.83809463648,0.0,,
1790107199999,2026-09-22T19:59:59.999000+00:00,86192.44,8238273.5730230715,104074.83809463648,104074.83809463648,0.0,,
1790117099999,2026-09-22T22:44:59.999000+00:00,86216.0,8240525.437866211,104074.83809463648,104074.83809463648,0.0,,
1790126099999,2026-09-23T01:14:59.999000+00:00,86721.43,8288834.43819168,104074.83809463648,104074.83809463648,0.0,,
1790144999999,2026-09-23T06:29:59.999000+00:00,86424.0,8272072.843505859,104074.83809463648,104074.83809463648,0.0,,
1790164799999,2026-09-23T11:59:59.999000+00:00,85649.95,8200126.030031967,104074.83809463648,104074.83809463648,0.0,,
1790182799999,2026-09-23T16:59:59.999000+00:00,84038.0,8044958.022109985,104074.83809463648,104074.83809463648,0.0,,
1790194499999,2026-09-23T20:14:59.999000+00:00,84340.0,8073868.483123779,0.0,103941.7374585738,-133.10063606267795,LONG,
1790204399999,2026-09-23T22:59:59.999000+00:00,84563.01,8095217.231172409,0.0,104216.57794791025,141.7398532737716,LONG,
1790212499999,2026-09-24T01:14:59.999000+00:00,84281.96,8068312.3137289435,103963.92089791757,103963.92089791757,0.0,,
1790231399999,2026-09-24T06:29:59.999000+00:00,84193.98,8073150.000310363,103963.92089791757,103963.92089791757,0.0,,
1790252099999,2026-09-24T12:14:59.999000+00:00,83533.16,8014589.010707703,103963.92089791757,103963.92089791757,0.0,,
1790270099999,2026-09-24T17:14:59.999000+00:00,84478.0,8105241.68421936,0.0,104234.84166052325,270.9207626056741,LONG,
1790281799999,2026-09-24T20:29:59.999000+00:00,84266.0,8084901.344284058,103857.2898813653,103857.2898813653,0.0,,
1790292599999,2026-09-24T23:29:59.999000+00:00,84435.26,8101140.994932403,103857.2898813653,103857.2898813653,0.0,,
1790300699999,2026-09-25T01:44:59.999000+00:00,84479.69,8105403.831268845,103857.2898813653,103857.2898813653,0.0,,
1790321399999,2026-09-25T07:29:59.999000+00:00,84046.0,8059422.888198853,103857.2898813653,103857.2898813653,0.0,,
1790340299999,2026-09-25T12:44:59.999000+00:00,84435.99,8090023.291875,103857.2898813653,103857.2898813653,0.0,,
1790358299999,2026-09-25T17:44:59.999000+00:00,83803.7,8028562.231079102,103857.2898813653,103857.2898813653,0.0,,
1790370899999,2026-09-25T21:14:59.999000+00:00,83696.49,8018291.298449707,103857.2898813653,103857.2898813653,0.0,,
1790380799999,2026-09-25T23:59:59.999000+00:00,84099.99,8056947.406237793,103857.2898813653,103857.2898813653,0.0,,
1790398799999,2026-09-26T04:59:59.999000+00:00,83976.0,8045068.916015625,0.0,103732.94770602843,-124.34217533687479,LONG,
1790415899999,2026-09-26T09:44:59.999000+00:00,84018.99,8049187.44407959,0.0,103786.0519193975,-71.23796196779585,LONG,
1790432099999,2026-09-26T14:14:59.999000+00:00,83960.01,8043537.042004394,0.0,103713.19575506839,-144.0941262969136,LONG,
1790444699999,2026-09-26T17:44:59.999000+00:00,84101.72,8057113.143701172,0.0,103888.24572195682,30.95584059151588,LONG,
1790455499999,2026-09-26T20:44:59.999000+00:00,83890.01,8036830.901867676,0.0,103626.72692660047,-230.56295476482774,LONG,
1790464499999,2026-09-26T23:14:59.999000+00:00,84356.91,8081560.856579591,0.0,104203.4740124815,346.18413111619884,LONG,
1790472599999,2026-09-27T01:29:59.999000+00:00,84333.0,8079270.230712891,0.0,104173.93873121482,316.6488498495164,LONG,
1790492399999,2026-09-27T06:59:59.999000+00:00,84511.69,8096389.090441895,0.0,104394.66894491385,537.3790635485493,LONG,
1790513999999,2026-09-27T12:59:59.999000+00:00,84802.01,8124202.327648926,0.0,104753.29223463965,896.0023532743508,LONG,
1790531099999,2026-09-27T17:44:59.999000+00:00,84476.79,8093045.60057373,0.0,104351.55805757768,494.26817621238297,LONG,
1790542799999,2026-09-27T20:59:59.999000+00:00,84552.0,8100250.869140625,0.0,104444.46263742159,587.1727560562867,LONG,
1790552699999,2026-09-27T23:44:59.999000+00:00,84340.63,8080001.199987793,0.0,104183.36383351783,326.0739521525247,LONG,
1790570699999,2026-09-28T04:44:59.999000+00:00,83500.01,8011825.704678192,0.0,103304.31044521125,-552.9794361540553,LONG,
1790594999999,2026-09-28T11:29:59.999000+00:00,83021.05,7968360.657696152,0.0,102743.87305272947,-1113.4168286358326,LONG,
1790620199999,2026-09-28T18:29:59.999000+00:00,83938.36,8055816.188417664,0.0,103871.52280808178,14.232926716475049,LONG,
1790638199999,2026-09-28T23:29:59.999000+00:00,83590.0,8022383.034286499,0.0,103440.43642891708,-416.85345244822383,LONG,
1790649899999,2026-09-29T02:44:59.999000+00:00,83034.3,7969050.83842392,0.0,102752.77222837217,-1104.517652993134,LONG,
1790672399999,2026-09-29T08:59:59.999000+00:00,83874.01,8049178.952289733,0.0,103785.94242643948,-71.34745492582442,LONG,
1790696699999,2026-09-29T15:44:59.999000+00:00,83179.58,7982744.394137573,0.0,102929.33664485916,-927.9532365061459,LONG,
1790713799999,2026-09-29T20:29:59.999000+00:00,83630.25,8025995.1945877075,0.0,103487.01154710967,-370.27833425563585,LONG,
1790725499999,2026-09-29T23:44:59.999000+00:00,83660.0,8028850.302124023,0.0,103523.82524303341,-333.46463833189046,LONG,
1790745299999,2026-09-30T05:14:59.999000+00:00,83234.01,7988176.329537048,103107.50580798008,103107.50580798008,0.0,,
1790766899999,2026-09-30T11:14:59.999000+00:00,83844.99,8034865.5452247625,0.0,103278.05720049597,170.55139251588844,LONG,
1790786699999,2026-09-30T16:44:59.999000+00:00,84356.01,8082992.852456588,0.0,103896.67300199477,789.1671940146916,LONG,
1790802899999,2026-09-30T21:14:59.999000+00:00,83766.01,8026459.052636642,0.0,103170.00234662385,62.49653864376887,LONG,
1790815499999,2026-10-01T00:44:59.999000+00:00,83570.72,8007746.364896241,0.0,102929.47435969608,-178.031448284004,LONG,
1790836199999,2026-10-01T06:29:59.999000+00:00,84347.35,8094815.282463075,0.0,104048.63542072926,941.1296127491805,LONG,
1790862299999,2026-10-01T13:44:59.999000+00:00,83940.01,8083842.688666457,102842.76886781296,102842.76886781296,0.0,,
1790882099999,2026-10-01T19:14:59.999000+00:00,84800.19,8166682.3238289645,102842.76886781296,102842.76886781296,0.0,,
1790896499999,2026-10-01T23:14:59.999000+00:00,84668.13,8154387.393590699,102842.76886781296,102842.76886781296,0.0,,
1790908199999,2026-10-02T02:29:59.999000+00:00,84934.01,8179145.422198028,102842.76886781296,102842.76886781296,0.0,,
1790930699999,2026-10-02T08:44:59.999000+00:00,86323.84,8312986.055439453,102842.76886781296,102842.76886781296,0.0,,
1790954999999,2026-10-02T15:29:59.999000+00:00,85484.01,8232110.423876495,102842.76886781296,102842.76886781296,0.0,,
1790971199999,2026-10-02T19:59:59.999000+00:00,84315.28,8120404.410952148,102842.76886781296,102842.76886781296,0.0,,
1790984699999,2026-10-02T23:44:59.999000+00:00,84579.39,8144995.515115814,102842.76886781296,102842.76886781296,0.0,,
1791002699999,2026-10-03T04:44:59.999000+00:00,84550.01,8142166.221026153,102842.76886781296,102842.76886781296,0.0,,
1791022499999,2026-10-03T10:14:59.999000+00:00,84580.76,8145127.446119995,102842.76886781296,102842.76886781296,0.0,,
1791038699999,2026-10-03T14:44:59.999000+00:00,84752.0,8161617.858642578,0.0,102965.20649182473,122.43762401177082,LONG,
1791052199999,2026-10-03T18:29:59.999000+00:00,84995.78,8185093.873386536,0.0,103261.3748186911,418.6059508781327,LONG,
1791063899999,2026-10-03T21:44:59.999000+00:00,84701.45,8156749.893488311,0.0,102903.79329581565,61.024428002681816,LONG,
1791072899999,2026-10-04T00:14:59.999000+00:00,84820.03,8168169.147850189,0.0,103047.85614018276,205.08727236979757,LONG,
1791093599999,2026-10-04T05:59:59.999000+00:00,84912.01,8177026.82213089,102959.73944173491,102959.73944173491,0.0,,
1791116099999,2026-10-04T12:14:59.999000+00:00,85236.43,8208268.46912094,102959.73944173491,102959.73944173491,0.0,,
1791132299999,2026-10-04T16:44:59.999000+00:00,85345.37,8218759.391453399,102959.73944173491,102959.73944173491,0.0,,
1791143999999,2026-10-04T19:59:59.999000+00:00,85428.0,8226716.660705566,102959.73944173491,102959.73944173491,0.0,,
1791154799999,2026-10-04T22:59:59.999000+00:00,86428.01,8323017.6267573545,0.0,103438.44198301018,478.70254127527005,LONG,
1791164699999,2026-10-05T01:44:59.999000+00:00,86722.0,8351328.864654541,0.0,103790.29397588361,830.5545341487014,LONG,
1791189899999,2026-10-05T08:44:59.999000+00:00,86264.01,8305240.127625961,103003.34827262071,103003.34827262071,0.0,,
1791220499999,2026-10-05T17:14:59.999000+00:00,85266.0,8209666.033401489,103003.34827262071,103003.34827262071,0.0,,
1791242099999,2026-10-05T23:14:59.999000+00:00,85865.99,8268895.099042206,0.0,103264.13636778336,260.788095162643,LONG,
1791256499999,2026-10-06T03:14:59.999000+00:00,85528.01,8236347.624010772,0.0,102857.67494097649,-145.67333164422598,LONG,
1791282599999,2026-10-06T10:29:59.999000+00:00,86136.4,8305271.53027954,0.0,103718.41480654363,715.0665339229163,LONG,
1791305099999,2026-10-06T16:44:59.999000+00:00,85718.93,8265019.073643951,0.0,103215.7315433786,212.38327075788402,LONG,
1791322199999,2026-10-06T21:29:59.999000+00:00,85580.01,8246489.815833893,0.0,102984.33329943265,-19.014973188066506,LONG,
1791334799999,2026-10-07T00:59:59.999000+00:00,85540.01,8242635.415809479,0.0,102936.198538383,-67.14973423771153,LONG,
1791357299999,2026-10-07T07:14:59.999000+00:00,84265.72,8157975.0175,0.0,101878.93722217722,-1124.4110504434939,LONG,
1791383399999,2026-10-07T14:29:59.999000+00:00,83076.0,8038849.089294434,101450.35068445087,101450.35068445087,0.0,,
1791403199999,2026-10-07T19:59:59.999000+00:00,83434.68,8073139.8150357045,101450.35068445087,101450.35068445087,0.0,,
1791417599999,2026-10-07T23:59:59.999000+00:00,83321.81,8053719.271958694,101450.35068445087,101450.35068445087,0.0,,
1791440099999,2026-10-08T06:14:59.999000+00:00,82911.93,8023387.187770156,101450.35068445087,101450.35068445087,0.0,,
1791466199999,2026-10-08T13:29:59.999000+00:00,82362.01,7970171.431216201,101450.35068445087,101450.35068445087,0.0,,
1791487799999,2026-10-08T19:29:59.999000+00:00,81696.0,7904088.0,101450.35068445087,101450.35068445087,0.0,,
1791503099999,2026-10-08T23:44:59.999000+00:00,81812.0,7917765.260131836,101450.35068445087,101450.35068445087,0.0,,
1791523799999,2026-10-09T05:29:59.999000+00:00,82532.62,7974095.438036956,101450.35068445087,101450.35068445087,0.0,,
1791547199999,2026-10-09T11:59:59.999000+00:00,83246.82,8052465.178054048,101450.35068445087,101450.35068445087,0.0,,
