close_time,signal,side,price_quote,price_inr,qty,gross_notional_inr,fee_inr,cash_after_inr
1789860599999,BULLISH_OB,BUY,81306.0,7794236.993637085,0.01282999222138564,100000.0,0.0,0.0
1789901999999,BEARISH_OB,SELL,80319.58,7699675.814200592,0.01282999222138564,98786.78080338475,0.0,98786.78080338475
1789922699999,BULLISH_OB,BUY,81376.01,7800948.362194442,0.012663432215771722,98786.78080338475,0.0,0.0
1790039699999,BEARISH_OB,SELL,85786.21,8218533.200265885,0.012663432215771722,104074.83809463648,0.0,104074.83809463648
1790192699999,BULLISH_OB,BUY,84448.0,8084207.323486328,0.01287384575013027,104074.83809463648,0.0,0.0
1790208899999,BEARISH_OB,SELL,84358.0,8075591.623184204,0.01287384575013027,103963.92089791757,0.0,103963.92089791757
1790258399999,BULLISH_OB,BUY,84258.43,8084175.040636367,0.012860176873376282,103963.92089791757,0.0,0.0
1790271899999,BEARISH_OB,SELL,84172.01,8075883.47376274,0.012860176873376282,103857.2898813653,0.0,103857.2898813653
1790387999999,BULLISH_OB,BUY,84076.66,8054712.345532227,0.012893978757537216,103857.2898813653,0.0,0.0
1790738999999,BEARISH_OB,SELL,83321.39,7996562.406907043,0.012893978757537216,103107.50580798008,0.0,103107.50580798008
1790763299999,BULLISH_OB,BUY,83706.53,8021596.923171234,0.012853738076784076,103107.50580798008,0.0,0.0
1790839799999,BEARISH_OB,SELL,83364.29,8028397.973890762,0.012853738076784076,103194.9247325758,0.0,103194.9247325758
1790846999999,BULLISH_OB,BUY,83761.88,8066687.878962098,0.012792725624318243,103194.9247325758,0.0,0.0
1790861399999,BEARISH_OB,SELL,83476.04,8039160.057674865,0.012792725624318243,102842.76886781296,0.0,102842.76886781296
1791026999999,BULLISH_OB,BUY,84651.22,8151912.744335022,0.012615783815802138,102842.76886781296,0.0,0.0
1791077399999,BEARISH_OB,SELL,84747.5,8161184.508628845,0.012615783815802138,102959.73944173491,0.0,102959.73944173491
1791148499999,BULLISH_OB,BUY,86028.03,8284499.551536713,0.012427997466984793,102959.73944173491,0.0,0.0
