signal,confirmed_close_time,confirmed_price,ob_open_time,ob_high,ob_low,ob_avg,move_pct
BEARISH_OB,1789840799999,81464.01,1789835400000,81914.01,81825.97,81869.98999999999,0.4850534588598232
BULLISH_OB,1789860599999,81306.0,1789855200000,81100.42,80962.0,81031.20999999999,0.3703305470791676
BEARISH_OB,1789901999999,80319.58,1789896600000,80581.82,80382.01,80481.91500000001,0.28853411460919437
BULLISH_OB,1789922699999,81376.01,1789917300000,80766.0,80666.66,80716.33,0.8786842731618274
BULLISH_OB,1789981199999,83760.0,1789975800000,81614.02,81458.42,81536.22,2.7682775332423355
BULLISH_OB,1789991999999,84887.19,1789986600000,84368.16,84130.21,84249.185,0.7414335497524164
BULLISH_OB,1790019899999,86577.63,1790014500000,85987.64,85891.73,85939.685,0.7618563686425367
BEARISH_OB,1790039699999,85786.21,1790034300000,86654.64,86462.01,86558.325,0.9625836989147929
BEARISH_OB,1790054099999,85404.72,1790048700000,85742.74,85486.84,85614.79000000001,0.3362124929238544
BEARISH_OB,1790113499999,86208.95,1790108100000,86378.32,86208.0,86293.16,0.13944275948858245
BULLISH_OB,1790192699999,84448.0,1790187300000,84203.36,84143.17,84173.265,0.344578014617985
BEARISH_OB,1790208899999,84358.0,1790203500000,84620.0,84496.01,84558.005,0.242434605863716
BEARISH_OB,1790215199999,84104.35,1790209800000,84452.52,84338.0,84395.26000000001,0.3077734578730195
BEARISH_OB,1790223299999,83822.0,1790217900000,84372.01,84332.0,84352.005,0.6442677899056815
BEARISH_OB,1790241299999,83460.72,1790235900000,84612.01,84430.18,84521.095,1.257985599833045
BULLISH_OB,1790258399999,84258.43,1790253000000,83550.01,83346.66,83448.33499999999,0.9082873163727745
BEARISH_OB,1790271899999,84172.01,1790266500000,84837.0,84262.01,84549.505,0.6312486187636664
BEARISH_OB,1790345699999,83580.01,1790340300000,84574.01,84435.99,84505.0,1.0557251058933375
BULLISH_OB,1790387999999,84076.66,1790382600000,83950.41,83798.0,83874.205,0.23278104561918295
BULLISH_OB,1790420399999,84179.92,1790415000000,84031.18,83981.1,84006.14,0.1915400316047515
BULLISH_OB,1790433899999,84021.7,1790428500000,84008.0,83856.23,83932.11499999999,0.10687222990039208
BULLISH_OB,1790533799999,84740.01,1790528400000,84426.0,84342.0,84384.0,0.41475293281193837
BULLISH_OB,1790593199999,82960.0,1790587800000,82818.0,82597.55,82707.775,0.40421896204355656
BULLISH_OB,1790612999999,84012.01,1790607600000,83020.01,82929.0,82974.505,1.2719261553535104
BEARISH_OB,1790738999999,83321.39,1790733600000,83620.87,83448.01,83534.44,0.19718273756285076
BULLISH_OB,1790763299999,83706.53,1790757900000,83080.0,83023.69,83051.845,0.7754650990742928
BEARISH_OB,1790839799999,83364.29,1790834400000,84419.69,84291.49,84355.59,1.199061202348868
BULLISH_OB,1790846999999,83761.88,1790841600000,83429.93,83340.0,83384.965,0.4423995073924205
BEARISH_OB,1790861399999,83476.04,1790856000000,84012.74,83905.76,83959.25,0.6151130532907193
BEARISH_OB,1790921699999,85902.73,1790916300000,86770.33,86525.33,86647.83,0.8648259269363513
BEARISH_OB,1790927099999,85768.82,1790921700000,86056.02,85902.73,85979.375,0.29890977095751026
