date,symbol,name,chartink_close,change_pct,volume
2026-09-25,AVANTIFEED,Avanti Feeds Limited,753.15,0.45,277971.0
2026-09-25,SUPREME,Supreme Holdings & Hospitality Ltd,31.39,0.32,4143.0
2026-09-25,ACL,Andhra Cements Ltd,42.63,0.16,9779.0
2026-09-25,RTNPOWER,Rattanindia Power Limited,7.0,-0.28,14384293.0
2026-09-25,ASALCBR,Associated Alcohols & Breweries Ltd,644.95,-0.93,81437.0
2026-09-25,HDIL,Housing Development And Infrastructure Limited,1.45,-1.36,133080.0
2026-09-25,RAJVIR,Rajvir Industries Limited,5.21,-2.07,5.0
2026-09-25,AGIIL,AGI Infra Ltd,264.55,-2.54,3237412.0
2026-09-25,FCONSUMER,Future Consumer Limited,0.22,-4.35,17567940.0
2026-09-25,DIL,Debock Industries Ltd,0.65,-4.41,3418810.0
2026-09-25,NAGAFERT,Nagarjuna Fertilizers And Chemicals Limited,1.77,-4.84,1952910.0
2026-10-09,SUZLON,Suzlon Energy Limited,37.6,3.21,57534896.0
2026-10-09,MINDTECK,Mindteck (india) Limited,139.37,3.18,31466.0
2026-10-09,RTNPOWER,Rattanindia Power Limited,6.54,1.71,10757944.0
2026-10-09,AGARIND,Agarwal Industrial Corporation Limited,374.8,1.53,25639.0
2026-10-09,SWSOLAR,Sterling & Wilson Renewable Energy Ltd,162.12,1.27,815781.0
2026-10-09,ITI,Iti Limited,240.13,1.24,120588.0
2026-10-09,UFO,Ufo Moviez India Limited,55.49,1.07,39272.0
2026-10-09,GTLINFRA,Gtl Infrastructure Limited,1.06,0.95,25081222.0
2026-10-09,ACL,Andhra Cements Ltd,39.26,0.74,3310.0
2026-10-09,SERVOTECH,Servotech Power Systems Ltd,69.05,0.71,376203.0
2026-10-09,HDIL,Housing Development And Infrastructure Limited,1.44,0.7,84367.0
2026-10-09,NBCC,Nbcc (india) Limited,74.46,0.62,3708122.0
2026-10-09,HPL,Hpl Electric & Power Limited,257.9,0.57,71601.0
2026-10-09,WATERBASE,Waterbase Ltd,44.31,0.43,6687.0
2026-10-09,TATACONSUM,TATA Consumer Products Ltd,955.0,0.33,947397.0
2026-10-09,WAAREEENER,Waaree Energies Ltd,2323.0,0.26,349115.0
2026-10-09,AVANTIFEED,Avanti Feeds Limited,699.1,0.06,206443.0
2026-10-09,VAKRANGEE,Vakrangee Limited,5.04,0.0,994840.0
2026-10-09,DEVIT,Dev Information Technology Ltd,19.39,-0.41,112812.0
2026-10-09,OSWALPUMPS,Oswal Pumps Ltd,254.35,-0.43,229795.0
