close_time,signal,side,sizing_rule,ladder_step,fraction_pct,sequence_base,price_quote,price_inr,qty,gross_notional_inr,fee_inr,cash_after_inr
1790139599999,BUY,BUY,LADDER,1,50.0,current_cash,56523.1484375,56523.1484375,0.8845933282589006,50000.0,0.0,50000.0
1790151299999,SELL,SELL,RESTORE_LAST_BUY_QTY,0,,current_position,56567.5,56567.5,0.8845933282589006,50039.23309628536,0.0,100039.23309628536
1790233199999,BUY,BUY,RESTORE_LAST_SELL_QTY,0,,current_cash,55598.0,55598.0,0.8845933282589006,49181.619864538356,0.0,50857.613231747004
1790311499999,BUY,BUY,LADDER,1,50.0,current_cash,55591.44921875,55591.44921875,0.45742298452793023,25428.806615873502,0.0,25428.806615873502
1790320499999,SELL,SELL,RESTORE_LAST_BUY_QTY,0,,current_position,55539.8515625,55539.8515625,0.45742298452793023,25405.20466195698,0.0,50834.01127783048
1790330399999,BUY,BUY,RESTORE_LAST_SELL_QTY,0,,current_cash,55580.3984375,55580.3984375,0.45742298452793023,25423.75173453276,0.0,25410.25954329772
1790571599999,SELL,SELL,RESTORE_LAST_BUY_QTY,0,,current_position,54631.25,54631.25,0.45742298452793023,24989.58942349149,0.0,50399.84896678921
1790584199999,BUY,BUY,RESTORE_LAST_SELL_QTY,0,,current_cash,54581.55078125,54581.55078125,0.45742298452793023,24966.855858522158,0.0,25432.993108267056
1790666999999,BUY,BUY,LADDER,1,50.0,current_cash,54274.5,54274.5,0.23429965368881386,12716.496554133528,0.0,12716.496554133528
1790673299999,SELL,SELL,RESTORE_LAST_BUY_QTY,0,,current_position,54308.3515625,54308.3515625,0.23429965368881386,12724.427963504104,0.0,25440.92451763763
1790828999999,SELL,SELL,LADDER,1,50.0,current_position,54925.19921875,54925.19921875,0.6710081563934154,36855.2566673145,0.0,62296.18118495213
1790836199999,BUY,BUY,RESTORE_LAST_SELL_QTY,0,,current_cash,54990.1015625,54990.1015625,0.6710081563934154,36898.80666933979,0.0,25397.37451561234
1790840699999,SELL,SELL,RESTORE_LAST_BUY_QTY,0,,current_position,54459.0,54459.0,0.6710081563934154,36542.433189029005,0.0,61939.807704641345
1791176399999,BUY,BUY,RESTORE_LAST_SELL_QTY,0,,current_cash,54857.5,54857.5,0.6710081563934154,36809.82993935178,0.0,25129.977765289565
1791181799999,SELL,SELL,RESTORE_LAST_BUY_QTY,0,,current_position,54492.05078125,54492.05078125,0.6710081563934154,36564.61053282293,0.0,61694.588298112496
1791191699999,BUY,BUY,RESTORE_LAST_SELL_QTY,0,,current_cash,54756.8515625,54756.8515625,0.6710081563934154,36742.29401686103,0.0,24952.294281251467
1791269099999,SELL,SELL,RESTORE_LAST_BUY_QTY,0,,current_position,54985.19921875,54985.19921875,0.6710081563934154,36895.5171566981,0.0,61847.81143794957
1791280799999,SELL,SELL,LADDER,1,50.0,current_position,55128.3984375,55128.3984375,0.3355040781967077,18495.80250023426,0.0,80343.61393818383
