signal,confirmed_close_time,confirmed_price,pivot_open_time,pivot_price,sig_sens
SELL,1789972199999,56471.05078125,1789962300000,56510.1015625,10
SELL,1790059499999,56265.6015625,1790049600000,56671.0,10
BUY,1790139599999,56523.1484375,1790065800000,56106.94921875,10
SELL,1790151299999,56567.5,1790141400000,56623.80078125,10
BUY,1790233199999,55598.0,1790223300000,55506.6015625,10
BUY,1790311499999,55591.44921875,1790237700000,55341.6015625,10
SELL,1790320499999,55539.8515625,1790310600000,55653.0,10
BUY,1790330399999,55580.3984375,1790320500000,55424.30078125,10
SELL,1790571599999,54631.25,1790325000000,55762.30078125,10
BUY,1790584199999,54581.55078125,1790574300000,54494.3984375,10
BUY,1790666999999,54274.5,1790657100000,53787.25,10
SELL,1790673299999,54308.3515625,1790663400000,54397.1015625,10
SELL,1790828999999,54925.19921875,1790755200000,55135.5,10
BUY,1790836199999,54990.1015625,1790826300000,54570.5,10
SELL,1790840699999,54459.0,1790830800000,55090.69921875,10
BUY,1791176399999,54857.5,1790843400000,54070.1484375,10
SELL,1791181799999,54492.05078125,1791171900000,55191.25,10
